Data,China
2020-01-22 18:00:00,548
2020-01-23 18:00:00,643
2020-01-24 18:00:00,920
2020-01-25 18:00:00,1406
2020-01-26 18:00:00,2075
2020-01-27 18:00:00,2877
2020-01-28 18:00:00,5509
2020-01-29 18:00:00,6087
2020-01-30 18:00:00,8141
2020-01-31 18:00:00,9802
2020-02-01 18:00:00,11891
2020-02-02 18:00:00,16630
2020-02-03 18:00:00,19716
2020-02-04 18:00:00,23707
2020-02-05 18:00:00,27440
2020-02-06 18:00:00,30587
2020-02-07 18:00:00,34110
2020-02-08 18:00:00,36814
2020-02-09 18:00:00,39829
2020-02-10 18:00:00,42354
2020-02-11 18:00:00,44386
2020-02-12 18:00:00,44759
2020-02-13 18:00:00,59895
2020-02-14 18:00:00,66358
2020-02-15 18:00:00,68413
2020-02-16 18:00:00,70513
2020-02-17 18:00:00,72434
2020-02-18 18:00:00,74211
2020-02-19 18:00:00,74619
2020-02-20 18:00:00,75077
2020-02-21 18:00:00,75550
2020-02-22 18:00:00,77001
2020-02-23 18:00:00,77022
2020-02-24 18:00:00,77241
2020-02-25 18:00:00,77754
2020-02-26 18:00:00,78166
2020-02-27 18:00:00,78600
2020-02-28 18:00:00,78928
2020-02-29 18:00:00,79356
2020-03-01 18:00:00,79932
2020-03-02 18:00:00,80136
2020-03-03 18:00:00,80261
2020-03-04 18:00:00,80386
2020-03-05 18:00:00,80537
2020-03-06 18:00:00,80690
2020-03-07 18:00:00,80770
2020-03-08 18:00:00,80823
2020-03-09 18:00:00,80860
2020-03-10 18:00:00,80887
2020-03-11 18:00:00,80921
2020-03-12 18:00:00,80932
2020-03-13 18:00:00,80945
2020-03-14 18:00:00,80977
2020-03-15 18:00:00,81003
2020-03-16 18:00:00,81033
2020-03-17 18:00:00,81058
2020-03-18 18:00:00,81102
2020-03-19 18:00:00,81156
2020-03-20 18:00:00,81250
2020-03-21 18:00:00,81305
2020-03-22 18:00:00,81435
2020-03-23 18:00:00,81498
2020-03-24 18:00:00,81591
